,City,Lat,Lon,Max Temp,Humidity,Cloudiness,Wind Speed,Country,Date
0,Hilo,19.7297,-155.09,78.53,82,90,10.36,US,1627954978
1,Fortuna,40.5982,-124.1573,60.85,91,90,14.97,US,1627955200
2,Rikitea,-23.1203,-134.9692,69.6,57,44,21.0,PF,1627955195
3,Belyy Yar,53.6039,91.3903,69.69,64,40,4.47,RU,1627955625
4,Thompson,55.7435,-97.8558,75.36,43,20,3.44,CA,1627954887
5,Suriāpet,17.15,79.6167,80.11,68,73,14.63,IN,1627955626
6,Tiksi,71.6872,128.8694,50.05,59,64,7.94,RU,1627955203
7,Kontagora,10.3999,5.4695,71.67,95,100,2.77,NG,1627955627
8,Busselton,-33.65,115.3333,50.09,78,100,6.6,AU,1627955182
9,Raja,8.4596,25.678,68.34,92,88,5.48,SS,1627955628
10,George Town,5.4112,100.3354,85.93,82,20,1.99,MY,1627955340
11,Fairbanks,64.8378,-147.7164,86.09,40,1,6.91,US,1627955095
12,Atuona,-9.8,-139.0333,77.5,74,3,17.96,PF,1627955141
13,Upernavik,72.7868,-56.1549,47.14,68,95,6.2,GL,1627955201
14,Hong Kong,22.2855,114.1577,85.96,88,100,3.0,HK,1627955075
15,Barrow,71.2906,-156.7887,44.62,81,90,17.27,US,1627955630
16,Lorengau,-2.0226,147.2712,84.9,71,48,9.17,PG,1627955286
17,Chapais,49.7834,-74.8492,62.38,76,100,7.36,CA,1627955325
18,Centerville,39.6284,-84.1594,69.78,76,1,0.0,US,1627955356
19,Henties Bay,-22.116,14.2845,56.86,82,0,9.44,NA,1627955631
20,Ribeira Grande,38.5167,-28.7,72.82,92,25,7.36,PT,1627955183
21,Vaini,-21.2,-175.2,75.36,69,20,12.66,TO,1627955212
22,Port Alfred,-33.5906,26.891,54.86,86,0,13.51,ZA,1627955226
23,Albany,42.6001,-73.9662,64.98,83,0,5.66,US,1627955130
24,Ushuaia,-54.8,-68.3,37.06,87,75,28.77,AR,1627955163
25,Narsaq,60.9167,-46.05,48.42,96,100,3.67,GL,1627955235
26,Majene,-3.5403,118.9707,82.62,73,33,10.78,ID,1627955633
27,East London,-33.0153,27.9116,57.97,80,1,16.73,ZA,1627955251
28,Yeppoon,-23.1333,150.7333,76.78,54,0,11.39,AU,1627955634
29,San Luis,-33.295,-66.3356,52.52,32,0,4.94,AR,1627955371
30,Margherita,27.2833,95.6833,81.88,77,88,1.74,IN,1627955634
31,Ust-Maya,60.4167,134.5333,61.81,65,100,10.07,RU,1627955635
32,Cabo San Lucas,22.8909,-109.9124,92.8,62,20,10.0,MX,1627955635
33,Chui,-33.6971,-53.4616,48.04,95,0,5.17,UY,1627955339
34,Auki,-8.7676,160.7034,83.03,68,94,5.3,SB,1627955209
35,Ilulissat,69.2167,-51.1,41.16,92,100,5.39,GL,1627955636
36,Mahébourg,-20.4081,57.7,59.29,88,20,8.05,MU,1627955637
37,Curup,-3.4667,102.5333,76.24,78,85,2.3,ID,1627955637
38,Atbasar,51.8,68.3333,69.62,52,69,6.13,KZ,1627955637
39,Tuatapere,-46.1333,167.6833,50.83,69,45,5.64,NZ,1627955638
40,Airai,-8.9266,125.4092,75.2,31,22,4.99,TL,1627955638
41,Kapaa,22.0752,-159.319,87.78,73,75,4.0,US,1627955208
42,Kaitangata,-46.2817,169.8464,50.94,55,36,10.67,NZ,1627955203
43,Lebu,-37.6167,-73.65,51.39,86,29,16.75,CL,1627955116
44,Saint-Philippe,-21.3585,55.7679,65.79,67,0,2.28,RE,1627955640
45,Saint Paul Harbor,57.79,-152.4072,56.62,80,5,6.51,US,1627955508
46,Mataura,-46.1927,168.8643,49.48,76,20,4.41,NZ,1627955117
47,Krasnosel'kup,65.7,82.4667,63.27,79,100,6.82,RU,1627955641
48,Esperance,-33.8667,121.9,51.64,74,72,15.86,AU,1627955170
49,Jamestown,42.097,-79.2353,62.24,67,1,2.19,US,1627955240
50,Dubbo,-32.25,148.6167,53.73,62,75,14.97,AU,1627955642
51,Nikolskoye,59.7035,30.7861,60.03,96,100,13.53,RU,1627955274
52,Katsuura,35.1333,140.3,89.71,75,46,10.69,JP,1627955643
53,Yuli,9.6989,10.2744,72.79,96,100,3.0,NG,1627955643
54,Korla,41.7597,86.1469,82.74,15,99,7.81,CN,1627955327
55,Wanning,18.8003,110.3967,87.87,67,99,7.43,CN,1627955644
56,Zipacón,4.7588,-74.3802,58.26,81,100,4.85,CO,1627955644
57,Tasiilaq,65.6145,-37.6368,44.76,81,100,1.92,GL,1627955197
58,Iqaluit,63.7506,-68.5145,47.93,93,75,4.61,CA,1627955348
59,Vila Franca do Campo,37.7167,-25.4333,66.61,83,0,4.99,PT,1627955645
60,Marsh Harbour,26.5412,-77.0636,82.65,69,100,10.8,BS,1627955646
61,Mackenzie,55.2999,-123.1698,73.62,73,20,2.3,CA,1627955646
62,Manta,-0.95,-80.7333,73.18,83,20,12.66,EC,1627955188
63,Cuité,-6.4836,-36.1536,63.79,94,51,12.93,BR,1627955647
64,Chatrā,24.2167,84.8667,76.98,82,83,8.14,IN,1627955647
65,Castro,-24.7911,-50.0119,48.29,83,0,1.7,BR,1627955125
66,Saint-François,46.4154,3.9054,58.44,94,90,2.3,FR,1627955211
67,Mumford,5.2618,-0.759,75.02,93,99,7.02,GH,1627955649
68,Ponta do Sol,32.6667,-17.1,73.0,74,22,6.08,PT,1627955080
69,Bluff,-46.6,168.3333,49.8,58,19,7.18,NZ,1627955210
70,Provideniya,64.3833,-173.3,53.71,82,90,13.42,RU,1627955650
71,Makakilo City,21.3469,-158.0858,86.32,46,20,10.36,US,1627955239
72,Bagan,54.1001,77.6646,68.23,68,34,11.59,RU,1627955650
73,Presidente Epitácio,-21.7633,-52.1156,62.98,61,0,6.4,BR,1627955651
74,Te Anau,-45.4167,167.7167,45.45,77,55,2.19,NZ,1627955088
75,Bredasdorp,-34.5322,20.0403,50.29,93,8,3.44,ZA,1627955181
76,Tual,-5.6667,132.75,81.61,74,69,19.26,ID,1627955651
77,Kamenka,51.3223,42.7678,72.91,50,6,4.5,RU,1627955652
78,Gorom-Gorom,14.4439,-0.2361,88.83,46,100,8.93,BF,1627955652
79,Cape Town,-33.9258,18.4232,56.12,100,0,3.44,ZA,1627955189
80,Carroll,39.5501,-77.0164,69.13,80,0,3.49,US,1627955653
81,Butaritari,3.0707,172.7902,82.11,72,40,2.93,KI,1627955654
82,São Filipe,14.8961,-24.4956,76.19,85,83,5.26,CV,1627955654
83,Cherskiy,68.75,161.3,47.66,53,100,20.15,RU,1627955187
84,Nizhniy Kuranakh,58.8353,125.4869,57.04,95,100,3.36,RU,1627955656
85,Alofi,-19.0595,-169.9187,71.49,26,75,5.75,NU,1627955656
86,Avarua,-21.2078,-159.775,78.85,78,90,9.22,CK,1627955201
87,Toktogul,41.8708,72.9402,71.13,56,100,0.85,KG,1627955658
88,Qazvin,36.2797,50.0049,62.22,88,0,2.3,IR,1627955658
89,Madimba,-10.4,40.3333,68.7,86,15,9.15,TZ,1627955659
90,Portland,45.5234,-122.6762,94.51,47,20,1.01,US,1627955225
91,Yulara,-25.2406,130.9889,51.64,58,0,14.97,AU,1627955659
92,Hithadhoo,-0.6,73.0833,81.97,72,99,7.83,MV,1627955192
93,Port Elizabeth,-33.918,25.5701,53.89,87,0,10.36,ZA,1627954969
94,Macusani,-14.0833,-70.4333,31.82,91,67,5.03,PE,1627955660
95,Scarborough,54.2797,-0.4044,58.53,84,37,1.99,GB,1627955660
96,Polis,35.0367,32.4264,80.42,35,0,0.94,CY,1627955661
97,Hasaki,35.7333,140.8333,91.29,77,64,12.5,JP,1627955280
98,Kutum,14.2,24.6667,72.45,69,39,13.87,SD,1627955661
99,Carnarvon,-24.8667,113.6333,55.47,37,0,16.11,AU,1627955662
100,Punta Arenas,-53.15,-70.9167,37.51,81,0,27.63,CL,1627955187
101,Ishigaki,24.3448,124.1572,86.13,79,75,9.22,JP,1627955315
102,Qaanaaq,77.484,-69.3632,43.48,70,78,2.66,GL,1627955230
103,Hermanus,-34.4187,19.2345,55.9,79,0,9.01,ZA,1627955196
104,Bethel,41.3712,-73.414,71.49,80,75,3.44,US,1627955057
105,Port Hardy,50.6996,-127.4199,64.58,63,20,10.36,CA,1627955663
106,Médéa,36.2642,2.7539,66.65,95,100,5.37,DZ,1627955664
107,Hobart,-42.8794,147.3294,53.11,74,75,1.99,AU,1627955050
108,Longyearbyen,78.2186,15.6401,44.44,70,75,21.85,SJ,1627955665
109,Kristinehamn,59.3098,14.1081,49.37,84,6,3.83,SE,1627955665
110,Manggar,-2.8833,108.2667,85.05,67,89,14.14,ID,1627955325
111,Puerto Ayora,-0.7393,-90.3518,70.61,92,40,8.21,EC,1627955103
112,Khovd,48.0056,91.6419,66.85,37,0,1.88,MN,1627955667
113,Richards Bay,-28.783,32.0377,63.09,83,100,5.55,ZA,1627955669
114,Goderich,43.7501,-81.7165,62.92,77,8,2.3,CA,1627955669
115,Kavieng,-2.5744,150.7967,83.62,75,29,9.42,PG,1627955669
116,Tuktoyaktuk,69.4541,-133.0374,48.2,87,90,16.11,CA,1627955218
117,Cidreira,-30.1811,-50.2056,51.4,88,0,4.76,BR,1627955228
118,Cayenne,4.9333,-52.3333,78.1,87,63,0.0,GF,1627955670
119,Yumen,40.2833,97.2,73.62,15,4,1.3,CN,1627955199
120,Codrington,-38.2667,141.9667,51.96,78,66,21.68,AU,1627955671
121,Amapá,1.0,-52.0,73.09,81,100,1.9,BR,1627955671
122,New Norfolk,-42.7826,147.0587,52.75,74,97,1.01,AU,1627955193
123,Beya,53.0533,90.9139,68.7,73,87,6.02,RU,1627955672
124,Bariloche,-41.1456,-71.3082,44.35,87,75,6.91,AR,1627955427
125,Buritis,-15.6178,-46.4233,64.22,49,45,1.45,BR,1627955673
126,Kodīnar,20.7903,70.7031,81.45,83,95,17.78,IN,1627955677
127,Kumul,42.8,93.45,83.1,18,2,7.67,CN,1627955194
128,Berezovyy,51.6667,135.7,57.04,98,100,3.13,RU,1627955679
129,Rezé,47.1814,-1.5497,60.06,84,0,6.91,FR,1627955681
130,Khatanga,71.9667,102.5,74.32,45,100,15.43,RU,1627955681
131,Baykit,61.67,96.37,67.39,69,97,8.99,RU,1627955681
132,Dikson,73.5069,80.5464,50.88,81,100,8.03,RU,1627955183
133,Lamar,33.6668,-95.5836,78.71,78,20,4.61,US,1627955683
134,Vallenar,-28.5708,-70.7581,60.17,62,0,2.68,CL,1627955683
135,Dukat,62.55,155.55,35.2,91,100,6.02,RU,1627955685
136,Paraíso,9.8383,-83.8656,65.41,97,100,1.23,CR,1627955685
137,Klaksvík,62.2266,-6.589,49.12,88,100,12.44,FO,1627955686
138,Port Hawkesbury,45.6169,-61.3485,60.01,96,90,10.0,CA,1627955323
139,Saskylakh,71.9167,114.0833,71.24,41,22,10.6,RU,1627955235
140,Shahrud,36.4182,54.9763,71.04,32,98,6.38,IR,1627955687
141,Coquimbo,-29.9533,-71.3436,55.13,87,90,4.61,CL,1627955186
142,Jimeta,9.2833,12.4667,73.78,88,86,5.55,NG,1627955688
143,Lake Cowichan,48.825,-124.0546,82.6,35,0,0.56,CA,1627955688
144,Mayna,54.1135,47.6231,68.41,62,8,7.2,RU,1627955689
145,Kashmor,28.4333,69.5833,87.84,59,6,10.13,PK,1627955689
146,Inhambane,-23.865,35.3833,66.6,74,12,11.54,MZ,1627955689
147,Jianning,27.8333,113.15,87.93,52,1,5.57,CN,1627955690
148,Sobolevo,54.4299,31.8996,53.91,98,22,6.73,RU,1627955691
149,Severo-Kuril'sk,50.6789,156.125,54.3,74,100,15.57,RU,1627955083
150,Mitú,1.1983,-70.1733,70.92,93,100,2.8,CO,1627955692
151,Muros,42.7762,-9.0603,62.83,88,86,8.52,ES,1627955275
152,Seymchan,62.8833,152.4333,50.02,54,86,14.88,RU,1627955245
153,Wuwei,37.9281,102.6414,71.85,43,100,4.14,CN,1627955694
154,Palu,-0.8917,119.8707,87.93,64,44,0.76,ID,1627955694
155,Shenjiamen,29.9576,122.298,78.98,92,100,9.51,CN,1627955695
156,Port Augusta,-32.5,137.7667,55.54,47,9,19.86,AU,1627955213
157,Maniitsoq,65.4167,-52.9,47.62,89,78,7.85,GL,1627955696
158,Chokurdakh,70.6333,147.9167,55.26,35,16,8.88,RU,1627955202
159,Sibolga,1.7427,98.7792,83.28,67,13,1.45,ID,1627955697
160,Faanui,-16.4833,-151.75,78.84,77,20,12.84,PF,1627955697
161,Yanggu,36.1106,115.7753,82.47,70,1,3.83,CN,1627955697
162,Chapleau,47.8405,-83.4034,62.69,67,20,6.91,CA,1627955698
163,College,64.8569,-147.8028,87.75,38,20,0.0,US,1627955299
164,Rudnogorsk,57.2639,103.7519,60.85,67,100,2.51,RU,1627955699
165,Laas,46.6166,10.7002,54.01,93,99,2.01,IT,1627955699
166,Fallon,39.4735,-118.7774,98.47,14,75,9.22,US,1627955700
167,Vila Velha,-20.3297,-40.2925,60.75,94,0,2.3,BR,1627955700
168,Brawley,32.9787,-115.5303,114.49,13,0,4.12,US,1627955700
169,Bereda,43.2686,-7.5406,53.58,100,100,0.38,ES,1627955701
170,Luga,58.7372,29.8453,54.75,98,49,9.22,RU,1627955701
171,Talnakh,69.4865,88.3972,76.35,43,98,5.7,RU,1627955703
172,Panalingaan,8.7842,117.4231,84.18,77,100,12.44,PH,1627955703
173,Yellowknife,62.456,-114.3525,89.29,27,75,8.05,CA,1627955159
174,Hamilton,39.1834,-84.5333,70.88,71,1,3.44,US,1627955308
175,Dickinson,29.4608,-95.0513,89.65,78,40,4.61,US,1627955671
176,Arlit,18.7369,7.3853,89.06,37,99,11.54,NE,1627955704
177,Muaná,-1.5283,-49.2167,77.27,69,84,3.42,BR,1627955705
178,San Cristobal,7.7669,-72.225,75.38,96,100,4.68,VE,1627955298
179,Galveston,29.3669,-94.9669,89.65,83,100,1.99,US,1627955707
180,Arraial do Cabo,-22.9661,-42.0278,67.48,82,2,17.81,BR,1627955258
181,Ugoofaaru,5.6667,73.0,82.04,71,100,5.99,MV,1627955707
182,Alihe,50.5667,123.7167,71.85,60,100,3.6,CN,1627955708
183,Bongandanga,1.5,21.05,69.93,78,100,2.44,CD,1627955709
184,Leningradskiy,69.3833,178.4167,33.1,100,100,9.4,RU,1627955255
185,Praia,14.9215,-23.5087,77.09,80,70,6.62,CV,1627955339
186,Reconquista,-29.15,-59.65,48.43,61,0,6.93,AR,1627955710
187,Visby,57.6409,18.296,59.86,77,90,12.66,SE,1627955710
188,Samarai,-10.6167,150.6667,80.24,75,73,14.18,PG,1627955711
189,Cockburn Town,21.4612,-71.1419,81.88,76,75,19.57,TC,1627955013
190,Opportunity,47.6499,-117.2399,93.9,32,52,7.4,US,1627955711
191,Norman Wells,65.282,-126.8329,87.84,29,1,8.05,CA,1627955215
192,Tommot,58.9564,126.2925,59.94,90,100,2.19,RU,1627955712
193,Nanyuki,0.0167,37.0728,55.26,76,93,6.51,KE,1627955713
194,Grong,64.4654,12.3149,42.35,95,93,2.8,NO,1627955713
195,Port-Gentil,-0.7193,8.7815,75.76,86,97,8.37,GA,1627955229
196,Lhokseumawe,5.1801,97.1507,81.54,70,61,4.5,ID,1627955364
197,Touros,-5.1989,-35.4608,72.5,86,16,15.17,BR,1627955714
198,Olafsvik,64.8945,-23.7142,52.5,78,100,5.32,IS,1627955715
199,Nikolayevsk-on-Amur,53.1406,140.73,53.92,95,100,5.88,RU,1627955715
200,Aksarka,66.5606,67.7975,58.39,73,24,4.83,RU,1627955716
201,Ambanja,-13.6833,48.45,66.88,92,1,3.15,MG,1627955716
202,Chul'man,56.8479,124.9104,57.29,87,100,8.46,RU,1627955716
203,Tampakan,6.4442,124.9264,87.21,63,100,1.59,PH,1627955717
204,Peniche,39.3558,-9.3811,64.62,90,74,15.05,PT,1627955717
205,Broome,42.2506,-75.833,58.68,94,0,0.96,US,1627955370
206,Saint George,37.1041,-113.5841,102.79,16,1,4.0,US,1627955118
207,Lompoc,34.6391,-120.4579,83.79,69,1,12.66,US,1627955236
208,Fukuechō,32.6881,128.8419,82.76,78,75,8.05,JP,1627955351
209,Torbay,47.6666,-52.7314,61.27,85,90,4.61,CA,1627955721
210,Soyo,-6.1349,12.3689,71.24,89,51,4.09,AO,1627955721
211,Mumbwa,-14.9783,27.0619,55.38,53,0,3.98,ZM,1627955525
212,Verkhoyansk,67.5447,133.385,73.81,27,0,4.99,RU,1627955220
213,Pochutla,15.7432,-96.4661,83.25,86,100,4.14,MX,1627955723
214,Lagoa,39.05,-27.9833,71.4,93,62,5.86,PT,1627955723
215,Roebourne,-20.7833,117.1333,67.51,23,23,23.76,AU,1627955723
216,Clyde River,70.4692,-68.5914,34.03,100,90,6.91,CA,1627955186
217,Muroto-misakicho,33.2833,134.15,86.04,71,76,3.85,JP,1627955724
218,Warrenville,41.8178,-88.1734,70.84,66,75,0.0,US,1627955724
219,Sept-Îles,50.2001,-66.3821,60.26,82,40,6.91,CA,1627955725
220,Santiago del Estero,-27.7951,-64.2615,51.8,34,0,6.98,AR,1627955458
221,Hailar,49.2,119.7,72.48,55,100,6.35,CN,1627955726
222,Severomuysk,56.1481,113.4267,47.77,90,100,0.2,RU,1627955727
223,Mar del Plata,-38.0023,-57.5575,50.13,45,0,5.01,AR,1627955705
224,Adré,13.4667,22.2,72.32,82,84,2.68,TD,1627955331
225,Ilebo,-4.3167,20.5833,67.37,38,92,1.12,CD,1627955728
226,Sitka,57.0531,-135.33,62.49,72,75,0.0,US,1627955254
227,Imbituba,-28.24,-48.6703,60.69,91,63,9.24,BR,1627955729
228,São João da Barra,-21.6403,-41.0511,68.18,79,0,10.33,BR,1627955255
229,Ostróda,53.6967,19.9649,55.74,83,4,9.19,PL,1627955729
230,Eilat,29.5581,34.9482,84.04,37,0,0.0,IL,1627955730
231,Sinnamary,5.3833,-52.95,78.17,80,89,5.79,GF,1627955121
232,Lagos,6.5833,3.75,77.32,95,100,2.46,NG,1627955438
233,Marawi,7.9986,124.2928,80.26,63,99,7.99,PH,1627955731
234,Pevek,69.7008,170.3133,35.19,84,100,17.85,RU,1627955732
235,Flinders,-34.5833,150.8552,65.21,52,1,8.99,AU,1627955732
236,Mitsamiouli,-11.3847,43.2844,75.43,70,0,3.62,KM,1627955208
237,Jalu,29.0331,21.5482,85.23,26,0,7.18,LY,1627955103
238,Mogadishu,2.0371,45.3438,75.79,85,100,17.16,SO,1627955733
239,Lüderitz,-26.6481,15.1594,66.07,35,0,4.47,NA,1627955207
240,Kapiri Mposhi,-13.9652,28.6809,53.96,61,1,5.35,ZM,1627955581
241,Buala,-8.145,159.5921,81.14,79,84,6.35,SB,1627955736
242,Saddiqabad,28.3062,70.1307,87.46,59,13,13.09,PK,1627955736
243,Baisha,26.5222,110.9311,86.36,72,94,4.16,CN,1627955737
244,Avera,33.194,-82.5271,83.71,50,100,3.31,US,1627955737
245,Bambous Virieux,-20.3428,57.7575,59.25,88,20,8.05,MU,1627955116
246,Shimoda,34.6667,138.95,88.16,79,88,7.09,JP,1627955265
247,Lavrentiya,65.5833,-171.0,45.27,99,100,7.65,RU,1627955257
248,Nanortalik,60.1432,-45.2371,44.17,96,100,2.57,GL,1627955232
249,Azángaro,-14.9167,-70.2167,40.37,73,23,2.91,PE,1627955739
250,Selma,36.5708,-119.6121,102.04,23,1,5.75,US,1627955739
251,Darhan,49.4867,105.9228,61.21,83,100,12.03,MN,1627955739
252,Myaundzha,63.0494,147.1858,53.38,41,6,5.03,RU,1627955740
253,Alexandria,31.2156,29.9553,78.76,78,0,4.61,EG,1627955714
254,Maputo,-25.9653,32.5892,62.28,88,20,8.05,MZ,1627955742
255,Kiryat Gat,31.61,34.7642,78.4,49,0,2.13,IL,1627955581
256,Vestmannaeyjar,63.4427,-20.2734,52.43,83,100,5.3,IS,1627955333
257,Geraldton,-28.7667,114.6,56.12,71,0,16.11,AU,1627955744
258,Manokwari,-0.8667,134.0833,83.95,71,16,7.85,ID,1627955744
259,Cabedelo,-6.9811,-34.8339,74.07,85,8,11.18,BR,1627955744
260,Faya,18.3851,42.4509,64.51,61,99,7.65,SA,1627955745
261,Nova Ushytsya,48.8372,27.2743,55.67,93,1,5.88,UA,1627955745
262,Tongzi,28.7829,105.0877,86.88,61,0,3.27,CN,1627955746
263,Nova Londrina,-22.7658,-52.985,59.45,58,0,8.01,BR,1627955746
264,Borba,-4.3878,-59.5939,76.14,70,57,2.95,BR,1627955746
265,Yangambi,0.8102,24.4336,70.54,90,99,2.28,CD,1627955747
266,Agüimes,27.9054,-15.4461,70.43,68,20,20.71,ES,1627955747
267,Mayo,38.8876,-76.5119,72.95,85,1,1.01,US,1627955594
268,Souillac,-20.5167,57.5167,59.38,88,20,8.05,MU,1627955191
269,Aksu,41.1231,80.2644,78.69,28,99,9.75,CN,1627955749
270,Binzhou,37.3667,118.0167,80.51,68,46,4.5,CN,1627955749
271,Nantucket,41.2835,-70.0995,66.96,91,5,1.39,US,1627955750
272,Sambava,-14.2667,50.1667,65.46,88,6,5.82,MG,1627955750
273,Vardø,70.3705,31.1107,48.52,81,100,4.0,NO,1627955146
274,Linguère,15.3953,-15.1193,77.94,84,100,10.96,SN,1627955751
275,San Quintín,30.4833,-115.95,73.4,68,4,13.38,MX,1627955751
276,Saint-Joseph,-21.3667,55.6167,64.78,64,0,3.24,RE,1627955751
277,Port Hedland,-20.3167,118.5667,69.85,17,38,23.02,AU,1627955221
278,Dafeng,23.4517,108.5881,90.14,64,70,4.16,CN,1627955752
279,Machico,32.7,-16.7667,73.0,81,40,13.8,PT,1627955753
280,Chibombo,-14.6569,28.0706,54.52,56,0,4.79,ZM,1627955753
281,Santa Inês,-3.6667,-45.38,71.51,65,5,0.51,BR,1627955753
282,Stromness,58.965,-3.296,52.05,77,59,8.34,GB,1627955755
283,Dingle,10.9995,122.6711,86.81,67,100,16.04,PH,1627955755
284,Ballina,-28.8667,153.5667,69.76,83,40,9.22,AU,1627955756
285,Baghdad,33.3406,44.4009,91.31,24,0,6.91,IQ,1627955593
286,Praia da Vitória,38.7333,-27.0667,73.76,100,90,3.69,PT,1627955291
287,Meulaboh,4.1363,96.1285,80.15,71,45,4.94,ID,1627955756
288,Balyqshy,47.0667,51.8667,69.8,26,0,6.71,KZ,1627955361
289,Phibun Mangsahan,15.2447,105.2291,83.97,81,100,10.29,TH,1627955757
290,Altamira,-3.2033,-52.2064,73.49,69,36,1.12,BR,1627955194
291,Stilfontein,-26.8449,26.7683,43.81,42,0,6.38,ZA,1627955758
292,Workington,54.6425,-3.5441,53.33,78,3,3.85,GB,1627955758
293,Miles City,46.4083,-105.8406,88.52,15,9,15.57,US,1627955758
294,Cebu City,10.3167,123.8907,87.46,66,40,19.57,PH,1627955716
295,Deputatsky,69.3,139.9,53.46,40,59,11.3,RU,1627955759
296,Mount Isa,-20.7333,139.5,67.77,22,75,21.85,AU,1627955759
297,Virginia Beach,36.8529,-75.978,77.02,77,75,4.61,US,1627955498
298,Gizo Government Station,-8.103,156.8419,81.37,79,99,9.82,SB,1627955760
299,At-Bashi,41.1702,75.8106,59.2,60,17,0.74,KG,1627955760
300,Barão de Melgaço,-16.1944,-55.9675,75.72,42,53,4.94,BR,1627955761
301,Broken Hill,-31.95,141.4333,49.71,71,6,20.71,AU,1627955392
302,Nhulunbuy,-12.2333,136.7667,84.81,58,40,12.66,AU,1627955255
303,Bengkulu,-3.8004,102.2655,80.69,72,77,2.48,ID,1627955199
304,Nizwá,22.9333,57.5333,86.65,44,22,1.63,OM,1627955763
305,Asino,56.9979,86.1452,62.82,74,100,1.66,RU,1627955764
306,Ahipara,-35.1667,173.1667,55.33,82,37,25.93,NZ,1627955264
307,Leh,34.1667,77.5833,61.27,51,10,5.48,IN,1627955766
308,Teya,60.3778,92.6267,66.97,63,80,2.98,RU,1627955766
309,Mount Gambier,-37.8333,140.7667,51.71,71,75,19.57,AU,1627955302
310,Labuhan,-6.8844,112.2051,83.59,67,8,6.22,ID,1627955189
311,Kaeo,-35.1,173.7833,60.33,77,54,20.15,NZ,1627955354
312,Wau,7.7029,27.9953,67.3,96,100,3.69,SS,1627955769
313,Hjelset,62.7833,7.4833,50.97,71,90,4.61,NO,1627955770
314,Makaha,21.4694,-158.2175,84.11,47,20,12.66,US,1627955770
315,Port Keats,-14.25,129.55,89.19,43,100,2.66,AU,1627955771
316,Mariehamn,60.0973,19.9348,53.46,82,90,11.5,AX,1627955771
317,Smithers,54.7804,-127.1743,84.52,24,20,8.05,CA,1627955772
318,Brae,60.3964,-1.353,49.91,72,100,1.3,GB,1627955772
319,Carman,49.4992,-98.0016,78.89,53,100,3.44,CA,1627955772
320,Port Lincoln,-34.7333,135.8667,55.49,54,68,17.85,AU,1627955773
321,Homer,59.6425,-151.5483,66.04,85,36,11.01,US,1627955773
322,Usinsk,65.9939,57.5281,58.68,86,8,5.97,RU,1627955210
323,Yaan,7.3833,8.5667,71.51,96,100,5.39,NG,1627955775
324,Bonthe,7.5264,-12.505,75.69,77,24,4.83,SL,1627955775
325,Fuling,29.7022,107.3919,89.62,64,0,1.81,CN,1627955776
326,Bopfingen,48.85,10.35,53.87,92,13,3.49,DE,1627955776
327,Kodinsk,58.6881,99.1844,72.7,52,0,2.48,RU,1627955776
328,Waingapu,-9.6567,120.2641,84.74,62,68,13.82,ID,1627955350
329,Constantine,36.365,6.6147,71.01,78,40,10.36,DZ,1627955777
330,Kwang Binh,17.4833,106.6,87.49,63,95,13.06,VN,1627955778
331,Bandarbeyla,9.4942,50.8122,79.27,63,80,29.12,SO,1627955778
332,Morondava,-20.2833,44.2833,65.08,67,3,8.59,MG,1627955779
333,Bubaque,11.2833,-15.8333,78.93,82,43,14.14,GW,1627955779
334,Dhidhdhoo,6.8833,73.1,81.81,73,81,7.16,MV,1627955779
335,Naze,28.3667,129.4833,83.32,80,90,16.82,JP,1627955272
336,Omsukchan,62.5333,155.8,36.82,94,100,7.56,RU,1627955780
337,Farrukhnagar,17.0778,78.2011,73.11,82,95,15.97,IN,1627955780
338,Molėtai,55.2333,25.4167,55.69,92,12,12.1,LT,1627955781
339,Puerto Ayacucho,5.6639,-67.6236,70.97,96,100,2.64,VE,1627955369
340,Sanming,26.2486,117.6186,89.11,67,100,1.99,CN,1627955783
341,Stokmarknes,68.5646,14.9108,48.49,84,87,7.02,NO,1627955783
342,Presidente Médici,-11.1753,-61.9014,72.14,40,13,4.52,BR,1627955783
343,Nikolayevka,53.1257,47.2041,72.19,57,27,3.96,RU,1627955785
344,Puerto Palomas,31.7667,-107.6167,86.47,31,18,7.67,MX,1627955785
345,Progreso,21.2833,-89.6667,80.38,82,22,11.65,MX,1627955786
346,Salalah,17.0151,54.0924,77.09,100,90,8.05,OM,1627955031
347,Half Moon Bay,37.4636,-122.4286,84.81,70,40,11.5,US,1627955118
348,Kouqian,43.6391,126.4578,75.9,72,55,7.67,CN,1627955788
349,Kathu,7.9178,98.3332,84.69,88,100,18.32,TH,1627955790
350,Burnie,-41.0667,145.9167,49.33,89,100,3.94,AU,1627955368
351,Karratha,-20.7377,116.8463,67.78,22,13,23.35,AU,1627955275
352,Syracuse,37.0881,15.2792,84.61,66,14,5.53,IT,1627955791
353,Derzhavīnsk,51.1,66.3167,73.53,46,8,4.76,KZ,1627955792
354,Provincia di Pistoia,43.9667,10.8333,61.09,79,82,3.0,IT,1627955792
355,Ulladulla,-35.35,150.4667,63.88,50,6,14.83,AU,1627955793
356,Skjervøy,70.0311,20.9714,48.47,77,92,6.04,NO,1627955794
357,Cepu,-7.1475,111.5906,84.72,62,6,7.85,ID,1627955794
358,Nabire,-3.3667,135.4833,85.87,67,62,3.51,ID,1627955722
359,Constitución,-35.3333,-72.4167,53.13,65,0,5.21,CL,1627955090
360,Warud,21.4667,78.2667,76.01,84,100,9.33,IN,1627955795
361,Tornio,65.8481,24.1466,50.02,58,100,10.36,FI,1627955795
362,Mae Sai,20.4335,99.8762,76.32,100,100,0.34,TH,1627955796
363,Luanda,-8.8368,13.2343,69.6,88,1,4.88,AO,1627955214
364,Peleduy,59.6289,112.7406,62.8,79,100,0.69,RU,1627955797
365,Vapi,20.3718,72.9049,79.66,85,100,13.06,IN,1627955797
366,Peterhead,57.5058,-1.7981,54.0,83,33,8.32,GB,1627955798
367,Oranjemund,-28.55,16.4333,57.24,67,0,4.16,NA,1627955798
368,Bose,45.4612,8.0137,64.08,82,12,4.05,IT,1627955203
369,Ekhabi,53.5102,142.9671,56.39,82,100,12.26,RU,1627955799
370,Hinton,53.4001,-117.5857,71.64,55,86,2.46,CA,1627955799
371,Darjeeling,27.0333,88.2667,62.89,84,100,1.01,IN,1627955800
372,Saldanha,-33.0117,17.9442,48.25,66,0,4.03,ZA,1627955800
373,Cheney,47.4874,-117.5758,92.75,35,90,8.05,US,1627955772
374,Nuevo Progreso,23.1667,-97.95,86.59,87,6,5.59,MX,1627955801
375,Bayir,37.2687,28.2167,75.72,26,0,6.17,TR,1627955801
376,Paamiut,61.994,-49.6678,43.61,96,100,5.66,GL,1627955802
377,Marystown,47.1666,-55.1483,58.78,97,100,17.27,CA,1627955346
378,Joniškėlis,56.0253,24.1689,59.95,96,0,12.48,LT,1627955803
379,Tautira,-17.7333,-149.15,82.42,71,85,11.36,PF,1627955222
380,Kruisfontein,-34.0033,24.7314,45.88,90,0,7.05,ZA,1627955387
381,Isangel,-19.55,169.2667,75.31,64,20,11.5,VU,1627955268
382,Aswān,24.0934,32.907,87.1,16,0,3.44,EG,1627955627
383,Mata,40.683,-7.4592,55.92,80,100,0.49,PT,1627955805
384,Tazovsky,67.4667,78.7,59.68,74,80,8.79,RU,1627955806
385,Barranco,9.5167,-82.7,77.61,93,100,2.26,PA,1627955806
386,Bamenda,5.9527,10.1582,62.13,99,100,2.21,CM,1627955806
387,Invermere,50.5167,-116.0354,73.99,71,100,1.52,CA,1627955807
388,Gediz,39.0417,29.41,69.12,35,0,5.79,TR,1627955807
389,Palmer,42.1584,-72.3287,66.54,77,10,2.08,US,1627955808
390,Bathsheba,13.2167,-59.5167,81.21,78,20,10.36,BB,1627955220
391,Prado,-17.3411,-39.2208,63.95,84,21,4.92,BR,1627955808
392,Hwange,-18.3693,26.5019,58.68,50,0,3.91,ZW,1627955525
393,Vostok,46.4856,135.8833,73.8,83,97,2.24,RU,1627955809
394,Zhigansk,66.7697,123.3711,71.67,40,8,6.53,RU,1627955809
395,Mackay,-21.15,149.2,80.69,60,75,5.75,AU,1627955810
396,Moissac,44.1024,1.0945,63.55,84,78,3.83,FR,1627955811
397,Bada,51.392,109.8717,66.94,76,100,3.62,RU,1627955811
398,Okato,-39.2,173.8833,51.42,83,98,12.71,NZ,1627955812
399,Thabazimbi,-24.5917,27.4116,51.96,41,0,4.54,ZA,1627955812
400,Caravelas,-17.7125,-39.2481,66.09,81,50,2.26,BR,1627955813
401,Srednekolymsk,67.45,153.6833,54.3,42,14,12.82,RU,1627955813
402,Lashio,22.9333,97.75,72.9,88,57,0.29,MM,1627955814
403,Saint Anthony,45.0205,-93.218,77.54,52,15,1.01,US,1627955814
404,Jacareacanga,-6.2222,-57.7528,80.24,49,55,2.46,BR,1627955815
405,Vänersborg,58.3807,12.3234,52.81,93,75,2.3,SE,1627955590
406,Salamiyah,35.0113,37.0532,74.86,58,0,6.71,SY,1627955817
407,Kieta,-6.2167,155.6333,83.43,75,98,5.5,PG,1627955818
408,Aasiaat,68.7098,-52.8699,39.58,96,80,8.01,GL,1627955818
409,Topchikha,52.8192,83.1185,66.78,76,71,7.52,RU,1627955818
410,Mahibadhoo,3.7833,72.9667,81.75,73,98,3.22,MV,1627955819
411,San Jose,37.3394,-121.895,87.69,52,40,3.0,US,1627955556
412,San Patricio,28.017,-97.5169,86.09,70,90,8.39,US,1627955819
413,Vao,-22.6667,167.4833,66.85,67,0,6.2,NC,1627955820
414,Verkhnevilyuysk,63.4453,120.3167,78.06,39,0,9.75,RU,1627955820
415,Davila,18.4726,120.5763,80.58,88,100,28.07,PH,1627955821
416,Cam Ranh,11.9214,109.1591,89.56,55,20,11.5,VN,1627955821
417,Gondanglegi,-7.7479,112.0132,83.32,68,18,14.76,ID,1627955822
418,Dunedin,-45.8742,170.5036,48.79,61,89,21.0,NZ,1627955758
419,Morros,-9.4467,-46.3003,68.81,42,9,4.09,BR,1627955822
420,Bereket,39.2446,55.5154,84.81,23,99,6.62,TM,1627955823
421,Yārāda,17.65,83.2667,82.72,83,75,6.91,IN,1627955823
422,Nadvoitsy,63.8667,34.3167,56.03,95,100,13.02,RU,1627955824
423,Ancud,-41.8697,-73.8203,49.53,94,100,4.41,CL,1627955825
424,Zelenogorskiy,55.0333,87.0,64.92,91,95,5.59,RU,1627955825
425,Tomatlán,19.9333,-105.25,77.72,91,78,2.57,MX,1627955827
426,Sorong,-0.8833,131.25,85.68,64,79,4.88,ID,1627955827
427,Puerto Escondido,15.85,-97.0667,85.03,65,40,5.75,MX,1627955827
428,Quelimane,-17.8786,36.8883,57.15,93,0,0.0,MZ,1627955828
429,Shizunai-furukawachō,42.3339,142.3669,78.8,83,88,5.84,JP,1627955828
430,Itaituba,-4.2761,-55.9836,76.53,63,15,2.17,BR,1627955829
431,Victoria Point,-27.5833,153.3,76.98,76,62,1.99,AU,1627955829
432,Dombås,62.0696,9.1235,45.73,73,92,1.66,NO,1627955830
433,Pingliang,35.5392,106.6861,74.73,53,95,12.68,CN,1627955830
434,Toccoa,34.5773,-83.3324,76.82,77,40,0.0,US,1627955831
435,Matamoros,25.5333,-103.25,78.12,48,85,10.74,MX,1627955831
436,Skibbereen,51.55,-9.2667,57.0,88,100,3.04,IE,1627955831
437,Kahului,20.8947,-156.47,81.97,80,47,11.99,US,1627955832
438,Biak,-0.9131,122.8766,82.6,66,37,7.74,ID,1627955832
439,Nacogdoches,31.6002,-94.6335,78.51,99,100,3.51,US,1627955833
440,Viedma,-40.8135,-62.9967,54.32,37,36,7.45,AR,1627955833
441,Tumen,42.9661,129.8425,73.38,95,100,2.15,CN,1627955835
442,Kloulklubed,7.0419,134.2556,83.48,78,100,13.82,PW,1627955835
443,Melfi,40.9965,15.6514,68.49,42,20,4.72,IT,1627955835
444,Sulangan,11.1373,123.7228,84.56,73,100,13.51,PH,1627955836
445,Norfolk,42.1668,-71.2495,68.95,81,0,2.51,US,1627955836
446,Awjilah,29.1081,21.2869,85.75,25,0,7.27,LY,1627955836
447,Lokhvytsya,50.3678,33.2602,62.46,85,100,7.65,UA,1627955837
448,Port Macquarie,-31.4333,152.9167,67.96,71,80,8.08,AU,1627955322
449,Pitimbu,-7.4706,-34.8086,73.99,87,31,10.0,BR,1627955606
450,El Jícaro,14.9167,-89.9,75.27,93,100,3.09,GT,1627955838
451,Liusha,27.2098,108.59,83.26,61,1,5.19,CN,1627955838
452,Voh,-20.9667,164.7,77.14,42,0,5.99,NC,1627955838
453,Arrecife,28.963,-13.5477,71.67,83,40,10.36,ES,1627955839
454,Sumbawanga,-7.9667,31.6167,51.82,66,0,3.22,TZ,1627955839
455,Oytal,42.9057,73.2697,80.02,22,99,3.24,KZ,1627955840
456,Buta,2.7858,24.73,69.71,94,98,1.61,CD,1627955840
457,San Felipe,10.3399,-68.7425,73.99,79,99,6.04,VE,1627955841
458,Rocha,-34.4833,-54.3333,44.28,92,0,1.99,UY,1627955278
459,Los Llanos de Aridane,28.6585,-17.9182,67.75,92,40,9.22,ES,1627955841
460,Noumea,-22.2763,166.4572,75.18,99,0,10.74,NC,1627955842
461,Luba,3.4568,8.5547,78.69,88,100,4.52,GQ,1627955842
462,Rolling Meadows,42.0842,-88.0131,70.79,63,75,1.01,US,1627955843
463,Denpasar,-8.65,115.2167,78.46,94,75,5.75,ID,1627955843
464,Westport,41.1415,-73.3579,74.75,81,9,1.99,US,1627955761
465,Kattivākkam,13.2167,80.3167,84.29,61,82,13.65,IN,1627955845
466,Östersund,63.1792,14.6357,46.85,76,90,10.36,SE,1627955261
467,Hofn,64.2539,-15.2082,52.95,85,100,7.25,IS,1627955845
468,Hokitika,-42.7167,170.9667,53.83,53,100,5.68,NZ,1627955846
469,Pangkalanbuun,-2.6833,111.6167,84.47,69,100,3.96,ID,1627955846
470,Abbeville,50.1,1.8333,58.5,94,100,1.07,FR,1627955847
471,Malbork,54.0359,19.0266,56.86,84,0,10.09,PL,1627955847
472,Xam Nua,20.4197,104.0439,75.83,80,76,3.29,LA,1627955848
473,Stornoway,58.2093,-6.3865,55.92,82,90,9.22,GB,1627955848
474,Monrovia,6.3005,-10.7969,75.92,77,21,4.5,LR,1627955780
475,Pangnirtung,66.1451,-65.7125,44.42,91,100,3.94,CA,1627955849
476,Colwyn Bay,53.2948,-3.7267,58.82,91,0,4.45,GB,1627955849
477,Polovinnoye,54.7914,65.9864,66.22,62,87,6.8,RU,1627955850
478,Wanlaweyn,2.6185,44.8938,72.25,86,88,10.92,SO,1627955850
479,Itarema,-2.9248,-39.9167,75.18,80,14,4.27,BR,1627955851
480,Thayetmyo,19.3167,95.1833,76.75,94,100,6.82,MM,1627955851
481,Tuy Hoa,13.0833,109.3,88.68,55,100,16.37,VN,1627955852
482,Honningsvåg,70.9821,25.9704,47.35,83,44,16.89,NO,1627955852
483,Kāsaragod,12.5,75.0,78.06,85,65,6.17,IN,1627955854
484,Husavik,66.0449,-17.3389,48.11,89,95,1.66,IS,1627955316
485,Gerede,40.8008,32.1969,58.28,34,0,3.69,TR,1627955854
486,São Paulo de Olivença,-3.3783,-68.8725,72.75,69,92,1.66,BR,1627955855
487,Moen,69.1304,18.6123,46.47,93,90,3.44,NO,1627955857
488,Lucapa,-8.4192,20.7447,62.15,36,1,3.22,AO,1627955857
489,Grand Gaube,-20.0064,57.6608,59.4,65,0,6.69,MU,1627955320
490,Waipawa,-41.4122,175.5153,47.03,94,100,21.39,NZ,1627955858
491,Jinka,5.65,36.65,63.27,60,68,3.13,ET,1627955859
492,Bakel,14.905,-12.4568,77.58,86,66,11.59,SN,1627955860
493,Storforshei,66.4043,14.5233,45.66,90,100,1.59,NO,1627955862
494,Taltal,-25.4,-70.4833,58.46,78,1,2.91,CL,1627955863
495,Zhangaözen,43.3,52.8,83.62,17,3,9.95,KZ,1627955863
496,San Julián,21.0167,-102.1667,63.16,69,63,5.59,MX,1627955864
497,Killybegs,54.6333,-8.45,54.45,90,67,3.89,IE,1627955864
498,Vidim,56.4088,103.1106,69.55,52,39,4.81,RU,1627955865
499,Krzeszowice,50.1425,19.6322,56.8,100,0,0.0,PL,1627955865
500,Mehamn,71.0357,27.8492,47.93,81,81,4.94,NO,1627955867
501,Poum,-20.2333,164.0167,69.82,63,0,7.4,NC,1627955867
502,Kosh-Agach,50.0,88.6667,60.87,43,10,1.81,RU,1627955868
503,Levelland,33.5873,-102.378,77.2,38,7,5.88,US,1627955868
504,Cananéia,-25.0147,-47.9267,59.45,93,42,3.74,BR,1627955869
505,Fort Smith,35.3859,-94.3986,81.34,73,68,4.85,US,1627955870
506,Grindavik,63.8424,-22.4338,52.27,87,75,5.75,IS,1627955871
507,Flin Flon,54.7682,-101.865,80.33,35,69,1.21,CA,1627955871
508,Puerto Baquerizo Moreno,-0.9,-89.6,70.84,88,100,11.05,EC,1627955872
509,Bay Roberts,47.5999,-53.2648,62.02,87,100,4.0,CA,1627955872
510,Biryusinsk,55.9634,97.8235,68.13,66,11,4.27,RU,1627955873
511,Pryazha,61.6926,33.6216,61.83,99,100,8.61,RU,1627955874
512,Nuuk,64.1835,-51.7216,46.51,91,100,7.05,GL,1627955874
513,Sioux Lookout,50.1001,-91.917,73.78,56,75,3.44,CA,1627955875
514,Alice Springs,-23.7,133.8833,54.95,38,0,17.27,AU,1627955875
515,Salym,60.0625,71.4789,56.64,98,100,6.98,RU,1627955876
516,Inongo,-1.95,18.2667,69.08,59,98,3.47,CD,1627955876
517,Port Blair,11.6667,92.75,82.11,82,100,19.28,IN,1627955876
518,Coolum Beach,-26.5333,153.1,77.34,69,58,9.01,AU,1627955877
519,Pocatello,42.8713,-112.4455,63.72,88,75,13.8,US,1627955878
520,Yenagoa,4.9247,6.2642,74.44,95,97,3.04,NG,1627955879
521,Kawalu,-7.3817,108.2082,72.19,98,100,1.59,ID,1627955879
522,Vestmanna,62.1564,-7.1664,47.32,100,90,10.36,FO,1627955291
523,Sur,22.5667,59.5289,86.83,58,72,8.25,OM,1627955880
524,Novi Pazar,43.1367,20.5122,59.72,79,0,2.73,RS,1627955880
525,Xining,36.6167,101.7667,56.8,94,100,3.4,CN,1627955881
526,Boa Vista,2.8197,-60.6733,76.98,88,0,3.44,BR,1627955724
527,Ibitinga,-21.7578,-48.8289,65.79,58,0,5.53,BR,1627955585
528,Prince Rupert,54.3161,-130.3201,64.09,71,40,4.61,CA,1627955688
529,São José da Coroa Grande,-8.8978,-35.1478,73.24,89,73,9.42,BR,1627955882
530,Qaqortoq,60.7167,-46.0333,44.26,97,100,3.91,GL,1627955882
531,Saint-Pierre,-21.3393,55.4781,65.88,61,90,6.91,RE,1627955883
532,Assiut,27.181,31.1837,82.58,19,1,3.2,EG,1627955883
533,Cortez,37.3489,-108.5859,81.52,58,25,10.07,US,1627955884
534,Aborlan,9.4352,118.5492,88.29,62,100,8.9,PH,1627955884
535,Brewster,41.3973,-73.6171,70.95,87,18,3.56,US,1627955885
536,Atar,20.5169,-13.0499,83.84,50,21,9.28,MR,1627955303
537,Thinadhoo,0.5333,72.9333,82.22,71,100,5.66,MV,1627955322
538,Antofagasta,-23.65,-70.4,56.48,74,4,1.57,CL,1627955885
539,Oussouye,12.485,-16.5469,77.05,88,99,9.89,SN,1627955886
540,Ortona,42.3496,14.4039,68.16,75,88,5.88,IT,1627955886
541,Hobyo,5.3505,48.5268,77.5,73,66,19.75,SO,1627955887
542,Teshie,5.5836,-0.1072,77.56,88,20,10.36,GH,1627955887
543,Aljezur,37.3191,-8.8033,62.73,84,98,7.85,PT,1627955888
544,Toyooka,35.5333,134.8333,84.31,100,75,4.61,JP,1627955888
545,Marabá,-5.3686,-49.1178,73.96,50,36,1.25,BR,1627955888
546,Rio Grande,-32.035,-52.0986,49.95,96,0,7.18,BR,1627955864
547,Boyolangu,-8.1181,111.8935,77.5,86,82,9.8,ID,1627955889
548,Sosnovo,60.5514,30.2144,59.61,97,100,12.91,RU,1627955889
549,Lexington Park,38.2668,-76.4538,73.63,85,1,0.0,US,1627955890
550,Alugan,12.2188,125.4808,89.11,60,100,9.42,PH,1627955891
551,Shingū,33.7333,135.9833,84.9,78,98,2.8,JP,1627955891
552,Bad Aussee,47.61,13.7824,53.04,100,30,3.4,AT,1627955892
553,Aneby,57.839,14.8102,41.0,85,51,4.14,SE,1627955892
554,Atasū,48.6814,71.6433,74.17,42,0,13.47,KZ,1627955332
555,Diego de Almagro,-26.3667,-70.05,57.76,47,0,2.28,CL,1627955893
556,Kungurtug,50.5994,97.5228,57.72,73,100,1.23,RU,1627955893
557,İdil,37.3411,41.8895,79.39,36,6,5.32,TR,1627955894
558,San Policarpo,12.1791,125.5072,89.02,60,100,9.57,PH,1627955894
559,Concordia,-31.393,-58.0209,44.78,91,0,3.0,AR,1627955894
560,Basi,26.8333,76.0333,77.34,82,100,4.54,IN,1627955895
561,Prainha,-1.8,-53.48,76.6,71,90,2.44,BR,1627955895
562,Launceston,-41.45,147.1667,56.61,71,93,1.99,AU,1627955896
563,Tarko-Sale,64.9225,77.785,65.86,67,7,12.08,RU,1627955897
564,San Jerónimo,-11.9472,-75.2829,47.12,74,45,2.57,PE,1627955897
565,Kjøpsvik,68.097,16.3742,48.16,86,100,4.61,NO,1627955898
566,Poconé,-16.2567,-56.6228,69.48,43,77,5.55,BR,1627955898
567,Turukhansk,65.8167,87.9833,70.38,56,100,12.17,RU,1627955899
568,Mahon,39.8885,4.2658,70.36,78,0,6.91,ES,1627955899
569,Pimentel,-6.8367,-79.9342,64.0,84,3,1.99,PE,1627955899
570,Abu Samrah,35.3029,37.1841,77.9,46,0,6.91,SY,1627955900
571,Havøysund,70.9963,24.6622,47.28,86,20,20.45,NO,1627955304
572,Rapid Valley,44.0625,-103.1463,83.37,31,96,1.01,US,1627955901
573,Maïné Soroa,13.2114,12.0241,81.73,68,89,10.65,NE,1627955903
574,Plettenberg Bay,-34.0527,23.3716,56.89,61,0,5.03,ZA,1627955903
